-- This file inserts rows just for testing purposes
-- Nothing in this file, even rsa keys, should be used in production EVER


insert into rsa_key (id, public_key, private_key) values (
    'e20df8a4-ee7a-4a6a-bf39-df9e6ca3d760',
    '-----BEGIN PUBLIC KEY-----
MIIBIjANBgkqhkiG9w0BAQEFAAOCAQ8AMIIBCgKCAQEAso9GUM9PBLgqOagAxgKg
VfRr/00BBHU/mCiKMeYHmNNK4XZpc2g0JSVi3FX54OCI0kf/SmjYfdIkR0GFOTFk
4lAMR+e9C/ud2v9zyq/LoEOxYu2yRu91F2j3piHbLzRK6e78VBeCAHLeXpQLInFT
C3gk35QsIltOJDnhMbCpSlhakjzlf2rykA+ry1s9OktdtGJ1mPrv5da2VerpX89l
CQqQM1n6HwapzZXIPuzOxaGUkjT2LHTMw+d5hGg6AZ7qtDRmDf9cgtwayRAaZTXc
WvgFyfghDIcstoogXpKUZ52YE4qZi6m5qlY6QVuH50rsrRXn1Wpmx6qN9oAieTMo
9wIDAQAB
-----END PUBLIC KEY-----
',
    '-----BEGIN PRIVATE KEY-----
MIIEvQIBADANBgkqhkiG9w0BAQEFAASCBKcwggSjAgEAAoIBAQCyj0ZQz08EuCo5
qADGAqBV9Gv/TQEEdT+YKIox5geY00rhdmlzaDQlJWLcVfng4IjSR/9KaNh90iRH
QYU5MWTiUAxH570L+53a/3PKr8ugQ7Fi7bJG73UXaPemIdsvNErp7vxUF4IAct5e
lAsicVMLeCTflCwiW04kOeExsKlKWFqSPOV/avKQD6vLWz06S120YnWY+u/l1rZV
6ulfz2UJCpAzWfofBqnNlcg+7M7FoZSSNPYsdMzD53mEaDoBnuq0NGYN/1yC3BrJ
EBplNdxa+AXJ+CEMhyy2iiBekpRnnZgTipmLqbmqVjpBW4fnSuytFefVambHqo32
gCJ5Myj3AgMBAAECggEAAukMra2l0ukggSGxllx+1rJM45J4KrliBpNNwQ4BTiR2
ZYU77dcwbUny1HkQaQN8BTY65QRdHmubgaopd9lL9emHGONZdsw+J0WxN+Srqv/3
u4Z9OK+Oycu0ANAvhkzn+5yC4Ifv1X5HmjzdLjeErUEg58OohPrEy5QwntIUTUUb
wFCAbWLfQnfJZnWyLN8PRZyVqwpN6hE1/JfPg3KM2yKhQ13bftDSHNQJeHpV+PLM
KDmBh7ThUuVSS8BSHehngU/hPKDhLUHRJonrMSD/DizgeNPsjo9Cn97ujcIY7jQ2
OuJRXnG2e2eZsyHxlOxtLVAiBWOr3oql8IvRYYbuoQKBgQC2MCGg0ENN8cWCioAO
3EwwrRFAc8nXUpacRrr22o00jcjOJ3kplf0MmO+ExidFabPt2yX9C16blsTHTg3w
b88NI2b293ZQbstSROR41/kO6y1a1ZqEyEVLZuNZqM6QI48GqCtnJtojvpcRbbVP
glexRKyo8VO4naqsXgIE+g1qFwKBgQD65tMZIFvNzJ6LRa0Eza/n3e2QDqZeqy+o
8DEh7F/pqNHskvd6koX33Si/YjlcbOVXWZgbom2p/zO9gzSObcaNVfo/Gtq1scY3
1bDzEcTErU4Qa9bfMWOMmyvnTrnn46OX2tSIB4GtZU3AYzYWa2cDJHbPQCQt/slk
exO0NmTkIQKBgB4q8iaS1dI+SppHHNVZHTSiM80cXzvMbSwLekIOBnvBTpL0ble4
gmJnoKG3viD8U9L7CttP2qag3Iy0HBLIMNzYE+CpMWo4Lmq9BagM+yzBPI1h+Wgr
UW4e516dWTb87F4J0sYN5OkuUg2MwQ0dZC/yUzTWYSqc0PohxuvUDAyZAoGBAJpd
Y2llGDZg+vZS8uUuq1grmVp1OPSru9HjnUbyx/vZSvaTYUF/Xn8mCUjeZM4xjVSV
odj2sSPTCIFDdRVgArW4PROQMRlye7KkfY6+0uHygkHmJzgAie/bFELmk8hQrLjk
ALiEbctBtXl1ULSwdZtgVtyh6OCHjl6Mvo20nZQhAoGAWzQdHxvRfhAHaYdZ/hq8
6kHYKqcbfKr0C361HzVUb+DgoX0nkjc+oNiRPtXG9N+/kKcNOenYbOjboEf0zPrc
oJwSXpgdXJrR535wku2r+tUKOxLZZ3O5Km7ENgyAmYrUyuleO4asLW7cARL0hD3P
0HPjsZRp7CCfOlumPU52aWg=
-----END PRIVATE KEY-----
'
), (
    '5684fa21-730c-4231-b996-80f40dc0b73a',
    '-----BEGIN PUBLIC KEY-----
MIIBIjANBgkqhkiG9w0BAQEFAAOCAQ8AMIIBCgKCAQEAnu295HSnq85X2cpD8gKf
j1wOuTTOBuU/d57PoGPvJjjnHdvVGH8OpKQmnKmud6r03a+ZrEdhwtf/j14oTg8H
c5BP+sGb8cOpy1q7WNH3hSxzBtl4NE+LvOtuXGO7phaQIzmSU3ztGKULDb0yh0Ud
QCZn8yTZK2vpnHyXtyHf5M1N/BXb1pRnhKjZGVvne4P6Zh48WQNus1tLd6VSoFc/
Q1lbqvFvl0CeoCGKqyVAMfOITr/JtHoVPY3K674C03Vrd4OTfeCjNkQ6cnAN0MS4
pH9udjEJMhCThC2LmGk2Z1yhn+6ChW19XMn0vSdFL5uTOXkcTm4DOUN7N9qCdtjD
PQIDAQAB
-----END PUBLIC KEY-----
',
    '-----BEGIN PRIVATE KEY-----
MIIEvAIBADANBgkqhkiG9w0BAQEFAASCBKYwggSiAgEAAoIBAQCe7b3kdKerzlfZ
ykPyAp+PXA65NM4G5T93ns+gY+8mOOcd29UYfw6kpCacqa53qvTdr5msR2HC1/+P
XihODwdzkE/6wZvxw6nLWrtY0feFLHMG2Xg0T4u8625cY7umFpAjOZJTfO0YpQsN
vTKHRR1AJmfzJNkra+mcfJe3Id/kzU38FdvWlGeEqNkZW+d7g/pmHjxZA26zW0t3
pVKgVz9DWVuq8W+XQJ6gIYqrJUAx84hOv8m0ehU9jcrrvgLTdWt3g5N94KM2RDpy
cA3QxLikf252MQkyEJOELYuYaTZnXKGf7oKFbX1cyfS9J0Uvm5M5eRxObgM5Q3s3
2oJ22MM9AgMBAAECggEAFkCrCTklPfrZFaNKwrDH1xqYbCm+3DvOmGjp4OcFNfib
MbTVYEXwDrD2QBLJHTPYb87VyUfAYjf8rj4MjitwC2gOLsnblC0lkdXdLAlQKzsn
SvL5r/dgVT4wuGp1fIKlwWze9mYkS4JWayDN2Z9dgl0uSl7jMn98WP8f/hIV55L3
+VfV/NFp9HguhMTkWDRHcPZ604VMsisZAB8E2j8msQZGGcI5yoM/xP3mLYwdf0+c
/ruIkrnRrjWrlgWHi16jmnAqyha9udyvAZTe4GxySG8BoUReW46FqmOLLi5Ls/7f
7YV6FbmV2/0cm5fFZ8EEJgsqTptAA8nuUWs/QNubEQKBgQDBBYCTk2n/3YPHa85Z
6W72qEVokxC/f6dCkWfeMP2Yk40svvLTTkC/hADDacL8RlqPy5o4CJi4joGaPmE0
lVBSfyHJxSmOreoATrCxUby0j3Gw1we8WftRD4SsKE0ga7A/hJzmOMLjtoZEeM2t
X5nf7Gjybi0mWZsVvZONGur+TQKBgQDSyJINAmyCQctM3Xo3aWATz6Xu2vVu6yyH
aUNSNeTZtuRDSVxFH/QKtTiemGy7mvDnbdMoDk7PFg01B+qjRL6isa4+TPNt0VDE
L58gT9GWhAnIzR3UoFFt+q7svTMnY+7zQ3ImlbLrH7Ld5UbPiASMeOAV2f0YS6js
aTj/YrKwsQKBgBuFLU/dNL/GVYOZW1J2ddu1IjBGx5yGFtLm6GhFk+KtJvO6ReTa
w2CK8ZDrA2H0pfTakqJql1u49cGII1Pb9hfNCIQ8GDC/mx1wGsEtZjpYOV19Sx0P
t0VXcRMaq+Rzdi2YOsaYUTEmVP5uOuT9PHMwwcXO76EIJZRz8xWrQNYBAoGAWJxn
Ab8WHMBKFhs5iNfswwdVS4+TBDkrdBWlbocnmPsRBNRvTMP9FQ9QKSQM+eVOBwyd
a0ZwjRBJJxUX5+E7fyvRA3HYGD+Zg5A9hhjoFC2X62mHc96dvO1Y4j87pQCW8H9X
Gq9uEvg1eqErXo1g1Cjwk18bzj3oWtJ1Wq+ETVECgYBw2zCPdmBmHT3DSRDQJ4pu
WY9pmhbaVMEFZrAmVf5h/mQ8s7RzLdNG5fArzqjTH0/b5PGnAwN+TgPiDbB5iRsy
Zj9nyMCtDrNlD1XuXZWVjnUsHrEdf5OD2iX9doMX8hafu+Eev4nUVVWA5igOP2Gi
Ilh6adV+9rLmqIDMEOmbaQ==
-----END PRIVATE KEY-----
'
), (
    '5c068def-bb3a-4421-a410-bb14b1ee37af',
    '-----BEGIN PUBLIC KEY-----
MIIBIjANBgkqhkiG9w0BAQEFAAOCAQ8AMIIBCgKCAQEAh6LjcazD0zg2vjDY2wEw
0u268613CpxsutAJnfpEQwonUhJbdg90pxUegdg+2y0mZt0TiDRNtOgj75EgGHfd
ZHG6Je3MCRCoSM0lrolhTqFfzvQWW9fgqqDPvv2KiW9nnVllCONEqJw5aI/lN7Ih
CLd/VflrETkqfjRfEHRFaRKSe4tuiDv4xU4arz7wgFr4AgK1ocBn52cOzowY+Xz+
AoQKEYyCiflAmln2uAT+9vc6qQ7SzPq+csLqTjnbgBMjAoWyycPzfLuoZKjjQbJd
jL132EnU9bXdZYUEowmCr3kjlJGwqsRTQRjm3nIzVBCAFF8FNItzQTPAbfSBApBl
5QIDAQAB
-----END PUBLIC KEY-----
',
    '-----BEGIN PRIVATE KEY-----
MIIEvQIBADANBgkqhkiG9w0BAQEFAASCBKcwggSjAgEAAoIBAQCHouNxrMPTODa+
MNjbATDS7brzrXcKnGy60Amd+kRDCidSElt2D3SnFR6B2D7bLSZm3ROINE206CPv
kSAYd91kcbol7cwJEKhIzSWuiWFOoV/O9BZb1+CqoM++/YqJb2edWWUI40SonDlo
j+U3siEIt39V+WsROSp+NF8QdEVpEpJ7i26IO/jFThqvPvCAWvgCArWhwGfnZw7O
jBj5fP4ChAoRjIKJ+UCaWfa4BP729zqpDtLM+r5ywupOOduAEyMChbLJw/N8u6hk
qONBsl2MvXfYSdT1td1lhQSjCYKveSOUkbCqxFNBGObecjNUEIAUXwU0i3NBM8Bt
9IECkGXlAgMBAAECggEAE1iAz1Bgd+pvKG5oJ8iCMbuVrDbkIT/RZE3S6VTuUo+K
rzKOGAc5ULF68fMpd/J3JTnIFOe8454urfdJmCPUkISGE+3YabyV/BhClSPkHKZ4
t1hqLfxa/4tDRk78aQDaSv+aoQtlWhU6PPc1Lt35xzgA8f7KriC0tl565qpm0gcO
b8+iE6wRW2rLNvDrZUFIfKkOOggjL/B62tZ6+MR8CLSH7Y3UWNxcTYFn9UGbeR0U
wAqjwNR5fTX+o+m5jobSyutN2lAAcv+NPLxlENRMtByGjhWihW7VkY+cfTkZ0H0C
AACWWNas4wzl1mXBPzmWjHI9yXgza1zI42cK9Rm5OwKBgQC/WCPFEI0rELQ8hiMN
mOdYYpyHdtlG7NyKZJJFRHs3JF/CMH+V9a4JZivu7xKYBpaD/VFniZB6hGwTDwJ1
nWjwJfOAx7+ZWn8WcjayWZU226S8LMWodxo7HdEbnQReOGj1w33WZXiZigLFPCkR
8qUjEGa3NP8irC+3qUzMV33oNwKBgQC1d9ZO/Hb5beI4fXwPbjtdLu7pvSAyhJgp
XvGFLoY2TN2XXhetHk4PNXKUwU3azq01jS3VpiOVnxFnt0VhQAfI9o8GUonszgkF
dSIaanPJ/T1p1ajiGI3itfw86hi5HooiNE/clkBMhFuhBDgT+aQPheZOFpu5FtMW
OUjXS5GcwwKBgQCFIHC6ohpl1RhhZ74prrF++BUJ1vGy/AcxLmnqUYwcwGzzccTC
9AzjMzfr5GAeb673JB8oFzjzVQDQfcfrRtqFAxKZDeDLdIApgMt3aQZ9BXJnDgtz
e3I/oS4ktSkd2MeF/j6mFTFEOhZVXdcBSr4EWFvuqau9VulYMi1hmpnaHwKBgHmz
VNbEGkZNm1mnTnxKwSVNRI0deWpn4mRceD2JZhkkk7fgMqC3okIw5hc9TKlh0mgH
tqWCNnsxosqb7ru55X6xXFoxIK7fvs0aMTTmD6F3ZKiF0i1PqlhRFEkF9m6wPJOT
4bteSOEIIytpWPKMiaqfckUMhIMs+4P8Bw3ccFthAoGAOy0cDoNCfl0UuUvHhaIw
QGSOtLkFXYZ1ajr3TNx9IT29BZjXZ+lx9NJWCS/CRSW0uLeaktbsJP7WrwrDPQK1
VLOan3I2/WWKUphuL7sHoiPMp/j32+FedSI8rownp0syGdPGk7ZQJVTb39Y2Ddaa
YLU7UiB8YY/ZM3B0gsF+M7o=
-----END PRIVATE KEY-----
'
);

insert into user_account (id, email, first_name, last_name, hashed_password, password_salt, user_role, account_barrier, date_of_birth) values (
    'aaaaaaaa-aaaa-aaaa-aaaa-aaaaaaaaaaaa',
    'andrea.gabbani@gmail.com',
    'Andrea',
    'Gabbani',
    '8d80795c93293316b50d89654eae5b376b8f6e45e0f672a3d4e4b1d96c9adbe6',
    '0a41902f36a8b71132cbfd',
    'usr',
    datetime(),
    date('now', '-20 years')
), (
    'bbbbbbbb-bbbb-bbbb-bbbb-bbbbbbbbbbbb',
    'pietro.lombardi@gmail.com',
    'Pietro',
    'Lombardi',
    'e58815a2d289354c28c7c1ab17a247ba9a84f396fefde72eb3a929fa3a5727c1',
    '369da63ea82b00dd96daeb',
    'usr',
    datetime(),
    date('now', '-19 years')
), (
    'cccccccc-cccc-cccc-cccc-cccccccccccc',
    'marco.ascani@gmail.com',
    'Marco',
    'Ascani',
    'e58815a2d289354c28c7c1ab17a247ba9a84f396fefde72eb3a929fa3a5727c1',
    '369da63ea82b00dd96daeb',
    'usr',
    datetime(),
    date('now', '-38 years')
), (
    'dddddddd-dddd-dddd-dddd-dddddddddddd',
    'pietro.franchi@gmail.com',
    'Pietro',
    'Franchi',
    'e58815a2d289354c28c7c1ab17a247ba9a84f396fefde72eb3a929fa3a5727c1',
    '369da63ea82b00dd96daeb',
    'usr',
    datetime(),
    date('now', '-50 years')
), (
    'eeeeeeee-eeee-eeee-eeee-eeeeeeeeeeee',
    'giuseppe.lombardi@gmail.com',
    'Giuseppe',
    'Lombardi',
    'e58815a2d289354c28c7c1ab17a247ba9a84f396fefde72eb3a929fa3a5727c1',
    '369da63ea82b00dd96daeb',
    'usr',
    datetime(),
    date('now', '-45 years')
), (
    'ffffffff-ffff-ffff-ffff-ffffffffffff',
    'simone.forlini@gmail.com',
    'Simone',
    'Forlini',
    'e58815a2d289354c28c7c1ab17a247ba9a84f396fefde72eb3a929fa3a5727c1',
    '369da63ea82b00dd96daeb',
    'adm',
    datetime(),
    date('now', '-31 years')
), (
    '00000000-0000-0000-0000-000000000000',
    'pietro.fernando@gmail.com',
    'Pietro',
    'Fernando',
    'e58815a2d289354c28c7c1ab17a247ba9a84f396fefde72eb3a929fa3a5727c1',
    '369da63ea82b00dd96daeb',
    'usr',
    datetime(),
    date('now', '-18 years')
), (
    '11111111-1111-1111-1111-111111111111',
    'matteo.gigo@gmail.com',
    'Matteo',
    'Gigo',
    'e58815a2d289354c28c7c1ab17a247ba9a84f396fefde72eb3a929fa3a5727c1',
    '369da63ea82b00dd96daeb',
    'usr',
    datetime(),
    date('now', '-22 years')
), (
    '22222222-2222-2222-2222-222222222222',
    'mattia.federico@gmail.com',
    'Mattia',
    'Federico',
    'e58815a2d289354c28c7c1ab17a247ba9a84f396fefde72eb3a929fa3a5727c1',
    '369da63ea82b00dd96daeb',
    'usr',
    datetime(),
    date('now', '-60 years')
), (
    '33333333-3333-3333-3333-333333333333',
    'marco.pezzali@gmail.com',
    'Marco',
    'Pezzali',
    'e58815a2d289354c28c7c1ab17a247ba9a84f396fefde72eb3a929fa3a5727c1',
    '369da63ea82b00dd96daeb',
    'usr',
    datetime(),
    date('now', '-25 years')
), (
    '44444444-4444-4444-4444-444444444444',
    'manu.rios@gmail.com',
    'Manu',
    'Rios',
    'e58815a2d289354c28c7c1ab17a247ba9a84f396fefde72eb3a929fa3a5727c1',
    '369da63ea82b00dd96daeb',
    'usr',
    datetime(),
    date('now', '-30 years')
), (
    '55555555-5555-5555-5555-555555555555',
    'alessandra.amoroso@gmail.com',
    'Alessandra',
    'Amoroso',
    'e58815a2d289354c28c7c1ab17a247ba9a84f396fefde72eb3a929fa3a5727c1',
    '369da63ea82b00dd96daeb',
    'usr',
    datetime(),
    date('now', '-28 years')
);

insert into user_customer (user_id, user_role) values (
    'aaaaaaaa-aaaa-aaaa-aaaa-aaaaaaaaaaaa',
    'usr'
), (
    'bbbbbbbb-bbbb-bbbb-bbbb-bbbbbbbbbbbb',
    'usr'
), (
    'cccccccc-cccc-cccc-cccc-cccccccccccc',
    'usr'
), (
    'dddddddd-dddd-dddd-dddd-dddddddddddd',
    'usr'
), (
    'eeeeeeee-eeee-eeee-eeee-eeeeeeeeeeee',
    'usr'
), (
    '00000000-0000-0000-0000-000000000000',
    'usr'
), (
    '11111111-1111-1111-1111-111111111111',
    'usr'
), (
    '22222222-2222-2222-2222-222222222222',
    'usr'
), (
    '33333333-3333-3333-3333-333333333333',
    'usr'
), (
    '44444444-4444-4444-4444-444444444444',
    'usr'
), (
    '55555555-5555-5555-5555-555555555555',
    'usr'
);

insert into user_admin (user_id, user_role) values (
    'ffffffff-ffff-ffff-ffff-ffffffffffff',
    'adm'
);

insert into vote_page (id, vote_type, vote_description, title, created_by, available, option_type, compile_start_at, compile_end_at) values (
    'aaaaaaaa-aaaa-aaaa-aaaa-aaaaaaaaaaaa',
    'anymus',
    'Votazione per verificare il supporto delle persone verso la proposta sull Eutanasia legale proposta da Marco Cappato',
    'Sei favorevole alla proposta di legge sull Eutanasia legale proposta da Marco Cappato?',
    'aaaaaaaa-aaaa-aaaa-aaaa-aaaaaaaaaaaa',
    true,
    'single',
    datetime(datetime(), '-1 day'),
    datetime(datetime(), '+1 day')
), (
    'bbbbbbbb-bbbb-bbbb-bbbb-bbbbbbbbbbbb',
    'public',
    'Votazione per misurare il consenso dell''attuale governo in carica',
    'Supporti l''operato del governo attuale?',
    'aaaaaaaa-aaaa-aaaa-aaaa-aaaaaaaaaaaa',
    false,
    'single',
    datetime(datetime(), '-1 day'),
    datetime(datetime(), '+1 day')
), (
    'cccccccc-cccc-cccc-cccc-cccccccccccc',
    'public',
    'Sondaggio per capire quali esami sono stati sostenuti al terzo anno di università',
    'Quali esami hai sostenuto al terzo anno di università?',
    'bbbbbbbb-bbbb-bbbb-bbbb-bbbbbbbbbbbb',
    true,
    'multiple',
    datetime(datetime(), '-1 day'),
    datetime(datetime(), '+1 day')
);

insert into vote_option (option_index, vote_page_id, option_text) values (
    0,
    'aaaaaaaa-aaaa-aaaa-aaaa-aaaaaaaaaaaa',
    'Si, sono favorevole'
), (
    1,
    'aaaaaaaa-aaaa-aaaa-aaaa-aaaaaaaaaaaa',
    'No, sono contrario'
), (
    0,
    'bbbbbbbb-bbbb-bbbb-bbbb-bbbbbbbbbbbb',
    'Si, approvo l operato del governo'
), (
    1,
    'bbbbbbbb-bbbb-bbbb-bbbb-bbbbbbbbbbbb',
    'No, non approvo l operato del governo'
), (
    0,
    'cccccccc-cccc-cccc-cccc-cccccccccccc',
    'Analisi Matematica 3'
), (
    1,
    'cccccccc-cccc-cccc-cccc-cccccccccccc',
    'Fisica 3'
), (
    2,
    'cccccccc-cccc-cccc-cccc-cccccccccccc',
    'Elettronica'
), (
    3,
    'cccccccc-cccc-cccc-cccc-cccccccccccc',
    'Sistemi Operativi'
), (
    4,
    'cccccccc-cccc-cccc-cccc-cccccccccccc',
    'Inglese'
), (
    5,
    'cccccccc-cccc-cccc-cccc-cccccccccccc',
    'Sistemi Distribuiti'
), (
    6,
    'cccccccc-cccc-cccc-cccc-cccccccccccc',
    'Reti di Calcolatori'
), (
    7,
    'cccccccc-cccc-cccc-cccc-cccccccccccc',
    'Sistemi di Basi di Dati I'
), (
    8,
    'cccccccc-cccc-cccc-cccc-cccccccccccc',
    'Sistemi di Basi di Dati II'
), (
    9,
    'cccccccc-cccc-cccc-cccc-cccccccccccc',
    'Analisi Numerica'
);

insert into vote (vote_page_id, vote_type, vote_option_index, created_by, user_group) values (
    'aaaaaaaa-aaaa-aaaa-aaaa-aaaaaaaaaaaa',
    'anymus',
    0,
    null,
    '203ab347-119b-4396-9334-4abf64c38a62'
), (
    'aaaaaaaa-aaaa-aaaa-aaaa-aaaaaaaaaaaa',
    'anymus',
    1,
    null,
    'b0e0ba73-1aa2-477c-9ed0-73fc05593a9d'
), (
    'aaaaaaaa-aaaa-aaaa-aaaa-aaaaaaaaaaaa',
    'anymus',
    0,
    null,
    '85f97aad-eb7b-4e92-a2bf-11ea2eab8882'
), (
    'aaaaaaaa-aaaa-aaaa-aaaa-aaaaaaaaaaaa',
    'anymus',
    1,
    null,
    '81679e93-3210-4f38-960c-0888bbcd8232'
), (
    'aaaaaaaa-aaaa-aaaa-aaaa-aaaaaaaaaaaa',
    'anymus',
    0,
    null,
    '20675258-dcae-4573-b1cd-b9720de5159b'
), (
    'bbbbbbbb-bbbb-bbbb-bbbb-bbbbbbbbbbbb',
    'public',
    0,
    '00000000-0000-0000-0000-000000000000',
    '132f2655-f689-4485-857f-f954f1b9540b'
), (
    'bbbbbbbb-bbbb-bbbb-bbbb-bbbbbbbbbbbb',
    'public',
    1,
    'bbbbbbbb-bbbb-bbbb-bbbb-bbbbbbbbbbbb',
    '5579bfbf-2f79-449b-95ed-1c92986d36d7'
), (
    'bbbbbbbb-bbbb-bbbb-bbbb-bbbbbbbbbbbb',
    'public',
    0,
    'cccccccc-cccc-cccc-cccc-cccccccccccc',
    'cbd59f2e-556d-4bf2-8c21-90cd6c3a7014'
), (
    'bbbbbbbb-bbbb-bbbb-bbbb-bbbbbbbbbbbb',
    'public',
    1,
    'dddddddd-dddd-dddd-dddd-dddddddddddd',
    '8b2d4900-7af2-4aeb-b921-93abe2e22dda'
), (
    'bbbbbbbb-bbbb-bbbb-bbbb-bbbbbbbbbbbb',
    'public',
    0,
    'eeeeeeee-eeee-eeee-eeee-eeeeeeeeeeee',
    '8b516f51-b183-4249-b7e6-b6a8bd4b7228'
), (
    'cccccccc-cccc-cccc-cccc-cccccccccccc',
    'public',
    0,
    'aaaaaaaa-aaaa-aaaa-aaaa-aaaaaaaaaaaa',
    '2eb27e08-e3ce-49ec-b917-c8657d880279'
), (
    'cccccccc-cccc-cccc-cccc-cccccccccccc',
    'public',
    1,
    'eeeeeeee-eeee-eeee-eeee-eeeeeeeeeeee',
    '28459784-5cd6-488b-86c0-2ef373b8d2df'
), (
    'cccccccc-cccc-cccc-cccc-cccccccccccc',
    'public',
    2,
    'eeeeeeee-eeee-eeee-eeee-eeeeeeeeeeee',
    '28459784-5cd6-488b-86c0-2ef373b8d2df'
), (
    'cccccccc-cccc-cccc-cccc-cccccccccccc',
    'public',
    3,
    'eeeeeeee-eeee-eeee-eeee-eeeeeeeeeeee',
    '28459784-5cd6-488b-86c0-2ef373b8d2df'
), (
    'cccccccc-cccc-cccc-cccc-cccccccccccc',
    'public',
    4,
    'eeeeeeee-eeee-eeee-eeee-eeeeeeeeeeee',
    '28459784-5cd6-488b-86c0-2ef373b8d2df'
);

insert into voter (vote_page_id, created_by, created_at) values (
    'aaaaaaaa-aaaa-aaaa-aaaa-aaaaaaaaaaaa',
    'bbbbbbbb-bbbb-bbbb-bbbb-bbbbbbbbbbbb',
    datetime()
), (
    'aaaaaaaa-aaaa-aaaa-aaaa-aaaaaaaaaaaa',
    'cccccccc-cccc-cccc-cccc-cccccccccccc',
    datetime()
), (
    'aaaaaaaa-aaaa-aaaa-aaaa-aaaaaaaaaaaa',
    'dddddddd-dddd-dddd-dddd-dddddddddddd',
    datetime()
), (
    'aaaaaaaa-aaaa-aaaa-aaaa-aaaaaaaaaaaa',
    'eeeeeeee-eeee-eeee-eeee-eeeeeeeeeeee',
    datetime()
), (
    'bbbbbbbb-bbbb-bbbb-bbbb-bbbbbbbbbbbb',
    'cccccccc-cccc-cccc-cccc-cccccccccccc',
    datetime()
), (
    'bbbbbbbb-bbbb-bbbb-bbbb-bbbbbbbbbbbb',
    'dddddddd-dddd-dddd-dddd-dddddddddddd',
    datetime()
), (
    'cccccccc-cccc-cccc-cccc-cccccccccccc',
    'aaaaaaaa-aaaa-aaaa-aaaa-aaaaaaaaaaaa',
    datetime()
), (
    'cccccccc-cccc-cccc-cccc-cccccccccccc',
    'eeeeeeee-eeee-eeee-eeee-eeeeeeeeeeee',
    datetime()
);

insert into report (vote_page_id, report_text, created_at, created_by) values (
    'aaaaaaaa-aaaa-aaaa-aaaa-aaaaaaaaaaaa',
    'Il voto non è stato condotto in modo corretto',
    datetime(),
    '00000000-0000-0000-0000-000000000000'
), (
    'aaaaaaaa-aaaa-aaaa-aaaa-aaaaaaaaaaaa',
    'Il tema in oggetto è troppo delicato per essere trattato in questo modo',
    datetime(),
    '11111111-1111-1111-1111-111111111111'
);

